coreimage,edges
drupal,59
minideb-extras,115
busybox,828
kali-linux-docker,90
python,7289
golang,4278
miniconda3,130
android,82
spark,57
cuda,668
haproxy,144
openresty,160
dind,66
fluentd,112
mariadb,93
biocontainers,60
nodejs,383
tidyverse,131
docker-base,86
opensuse,299
gradle,95
docker,589
base-alpine,198
gcc,75
ansible,65
cloud-sdk,120
minideb,136
meteord,84
apache,245
alpine-base,252
composer,315
scipy-notebook,90
rstudio,63
debian,15671
oraclelinux,83
mono,149
alpine-glibc,508
amazonlinux,105
docker-nginx,44
java,3753
tomcat,700
haskell,86
openjdk,4328
clojure,106
maven,669
kibana,75
ubuntu-debootstrap,121
ubuntu,38577
jenkins,384
miniconda,70
dotnet,341
nginx-proxy,54
ruby,5213
archlinux,399
postgres,495
alpine-node,1226
minimal-notebook,91
scratch,2214
redis,117
baseimage,5950
node,10146
httpd,286
php,4331
mongo,160
ros,85
php-fpm,61
shiny,51
wordpress,132
alpine-oraclejdk8,261
perl,102
mysql,291
centos7,230
rust,75
buildpack-deps,2191
base-centos7,80
ubuntu-base,222
base-jdk,140
centos,8630
rails,65
base,3295
aspnetcore,141
nginx,3083
nginx-php,79
alpine-java,586
datascience-notebook,63
aspnetcore-build,223
wildfly,100
apache-php,148
nginx-php-fpm,83
alpine,20395
rpi-raspbian,62
logstash,131
java8,92
rabbitmq,116
r-base,230
elasticsearch,246
lamp,78
elixir,170
tensorflow,118
fedora,1533
